Water Year,Oct,Nov,Dec,Jan,Feb,Mar,Apr,May,Jun,Jul,Aug,Sep
1922,1.379080561,1.322330284,6.298453108,7.355015191,11.87970401,15.30436136,22.73956244,12.45201351,2.514898738,1.288743665,0.773457644,0.190930174
1923,1.059732029,2.07519671,10.6777879,5.924185374,4.484822494,3.888047377,6.294989304,1.121601414,0.520468124,0.218579055,0.083660927,0.851339491
1924,0.158913106,0.201317091,0.144503484,0.14802796,0.678789258,0.110368932,0.139315746,0.033636916,0.01059804,0.008882282,0.007998563,0.039256394
1925,0.995216033,1.596824846,4.518870338,3.32232011,16.86097054,4.175010935,4.145900588,1.112661367,0.59393228,0.143958738,0.517430827,0.365931589
1926,0.570100608,0.700042997,1.104364408,1.897120577,7.046924016,2.818171815,4.032763586,0.551648994,0.172239803,0.098137757,0.261109124,0.111074478
1927,0.993781317,8.854516921,3.774831225,6.065710269,29.12788033,11.27625694,7.252371719,2.140880363,0.78388801,1.149801866,0.327523082,0.187617927
1928,0.727489384,3.357827327,2.922757052,3.886764321,3.055051837,24.73159988,3.822017165,0.828558141,0.302554759,0.387109328,0.514554139,0.174321421
1929,0.217418641,0.303852026,0.843039923,0.363064611,0.745844253,1.507056944,2.502707353,0.41413359,0.213089208,0.061348114,0.094537575,0.081294653
1930,0.235854718,0.419297277,7.489420064,2.96328855,5.912538425,11.16311847,2.355351542,1.134249008,0.368350383,0.220363282,0.425330627,0.150708379
1931,0.046611809,0.190655082,0.025011067,0.159080272,0.245019986,0.362726224,0.050581195,0.02249232,0.01567061,0.005316163,0.007197663,0.021114002
1932,1.001134187,1.238708616,8.921960213,4.566289287,7.471565954,10.53524927,6.685692365,2.806765586,0.983406261,0.238532056,0.821591506,0.201773313
1933,0.232201674,0.158919119,0.242162467,0.391344037,0.739724286,2.609757595,3.63881783,1.889987257,0.381203848,0.093263743,0.094327602,0.166909746
1934,0.210026123,0.142752618,0.893511081,0.781527713,1.987355086,1.022902886,0.233502258,0.156926819,0.080810617,0.02487222,0.058224159,0.076225943
1935,0.645805584,1.765774742,1.888930925,5.603270913,3.693942706,4.219697952,23.30821802,2.781728867,0.5559547,0.647491742,0.315643944,0.134563741
1936,0.993543382,0.577807024,0.986173059,15.34180372,24.00953358,8.227896407,4.123387143,1.234297758,0.871866369,0.632278317,0.622704851,0.210064793
1937,0.39538402,0.403183722,0.364945863,0.536014236,6.523436511,5.791816234,15.03294063,3.088538633,0.551761622,0.190621162,0.554400278,0.222113694
1938,0.864960407,2.796102116,12.01089016,5.675483114,9.705538603,33.63191419,15.78623681,5.728697413,1.491551164,0.741343912,1.230484256,0.34050236
1939,0.392581642,0.446781294,0.730484279,0.514066991,0.521046055,3.661106978,1.506158794,0.240886871,0.10151754,0.034868211,0.069539181,0.133389793
1940,1.388795072,0.473757544,0.653017155,13.03135087,19.05758305,21.80555665,3.911459311,0.906142499,0.372737951,0.685988625,0.549954113,0.241105332
1941,0.78182295,1.493044621,13.22338601,10.28109371,21.30864952,12.2149,5.549521279,3.27717218,0.890017132,0.396337962,1.007114183,0.672625745
1942,1.066743598,1.261496871,13.94973483,12.81900676,21.8771475,7.082483583,12.01916207,5.083950086,1.842918951,0.602560813,1.260399776,0.645916103
1943,1.00184102,4.845962993,11.98787755,17.65527814,13.69871377,19.64259762,3.216764982,1.357475775,1.280059055,0.414200542,1.42195632,0.349180679
1944,0.566685768,0.422159802,0.687289222,2.101706542,2.322102965,5.529410621,4.528318742,1.429811227,0.414232696,0.165774743,0.142491176,0.335828413
1945,0.641658608,2.466194677,4.19593782,1.625171791,14.13387142,5.143919172,4.341500393,1.479877111,0.721237268,0.221806849,0.542996223,0.294643996
1946,1.116913061,3.307543315,18.62934878,10.27787478,3.549396633,6.4999209,3.252098401,1.121895382,0.435549445,0.271088135,0.768555744,0.218469389
1947,0.471373475,1.65689941,2.09414431,0.389597326,2.342920906,7.61929051,2.348784174,0.30221329,0.344111553,0.109606408,0.246170634,0.190568543
1948,1.383878055,0.777824379,0.499200721,6.324718229,0.835189519,2.224997077,17.58378386,4.581184772,0.947684602,0.340173855,0.471503274,0.424030396
1949,0.489935411,0.658970189,1.161613437,0.824574002,1.891869028,5.493876396,9.988006409,1.534831666,0.348052484,0.117267431,0.30861205,0.245964912
1950,0.436584096,0.609076332,0.472235392,7.900725242,6.826739144,11.3120395,8.248603153,1.940500964,0.543648897,0.176237074,0.676002358,0.222721188
1951,1.829032432,18.78375747,20.70748438,20.03232156,14.04023633,4.101751577,2.366526136,2.128714366,0.646362289,0.821786611,1.047883078,0.294971179
1952,2.151045279,3.013899399,17.21223426,7.350473493,19.94722263,14.20921339,21.17438848,6.717628626,1.62102394,0.594428521,1.694589594,0.535556196
1953,0.899072884,0.676736713,4.07321907,17.40414776,4.358702141,5.407313955,6.976151666,2.833727096,1.347584447,0.524030744,0.392841053,0.822117956
1954,0.974428828,1.37452121,1.988583078,5.296800029,4.864369642,12.0873524,7.527154024,1.093496458,0.508626318,0.269490017,0.194747938,0.777863383
1955,0.468552899,0.566827343,2.433382801,1.495272716,1.300013736,3.124238681,3.845818848,2.24431863,0.315937868,0.154183277,0.085916402,0.336201548
1956,0.650060977,1.618566438,32.15624146,35.60850871,9.071738975,3.882299819,2.593231694,3.006276593,0.86473588,0.325519647,1.594982981,0.47595675
1957,1.420579234,0.694247329,0.844014122,1.989531199,7.043386119,13.22596754,4.200273961,4.392375062,0.81292128,0.29897298,0.236878265,0.693845857
1958,1.846911961,1.762460463,5.743726023,9.822833925,23.06229653,18.51539677,14.81662902,4.031944232,1.167529479,0.380149486,1.384921843,0.510930409
1959,0.460836342,0.406347481,0.559840889,3.563094672,4.227086562,3.801942425,0.962575562,0.375911372,0.14939341,0.083415527,0.050229727,0.371529119
1960,0.568020444,0.371670115,0.503226775,4.390144569,12.12388146,14.38511906,2.160452371,1.345799911,0.56793431,0.33153066,0.196845317,0.819049804
1961,0.671198854,2.663007005,3.692699849,1.035185092,4.842616694,8.542265985,3.656925996,1.390578545,0.502749282,0.274780418,0.164667203,0.652102196
1962,0.968302753,0.814533424,4.11010739,3.135545829,17.80961509,9.956192423,5.577950422,1.430305363,0.524638803,0.26574153,0.509382603,0.635418674
1963,17.1453529,1.787042997,6.578263049,4.820086288,20.09183671,7.026095775,18.06396841,3.951688467,1.068664972,0.584738896,0.804134953,1.322655987
1964,0.951989515,5.167859818,1.081935984,2.895236516,4.514868804,4.376474608,4.76235714,1.303896694,0.623008531,0.300963914,0.157128845,0.616683897
1965,1.059974015,3.700198556,44.26181576,28.84423904,6.454414954,2.876675234,5.861393976,2.058748217,0.847024006,0.416249781,1.312897192,1.079330335
1966,0.738417203,1.800805628,1.838141341,3.277572071,2.541556687,9.376651392,4.63970248,0.790784619,0.302246577,0.186754039,0.103902724,0.592604913
1967,0.943228779,3.685863092,13.82798283,11.25391145,9.490659335,16.1406999,11.16505974,6.543746907,2.160814125,0.83970953,0.521360739,1.778822115
1968,1.278520487,0.780196087,2.441926595,3.850463135,14.47852087,6.070388563,1.563133259,0.614606328,0.329494934,0.192191573,0.285160101,0.57775907
1969,1.182357131,2.819976661,8.157148297,37.83749552,16.57462761,12.87244668,10.07799152,4.005719603,0.919432047,1.269039742,0.763327679,0.28331709
1970,1.27094659,1.096437465,16.11562367,43.89541257,4.710675048,3.734157886,1.067486108,0.86066752,0.355803596,1.272422862,0.205981787,0.232034245
1971,0.662047068,6.173480407,12.79232894,8.913174398,12.00678288,20.05375499,5.127785768,3.025155724,0.922954502,0.430908816,1.172872482,0.245171057
1972,0.800631445,0.996330059,3.638793806,6.577811239,8.493372203,13.67960903,4.687021042,1.264374509,0.470589376,0.157978609,0.736452791,0.203562822
1973,1.28914896,3.945815955,10.67053701,18.56775482,17.15452706,9.944138356,3.649510361,1.987917026,0.505207037,0.155048822,0.843460074,0.737003648
1974,2.101894287,22.38184563,12.73243108,26.60524433,6.674638811,22.9715516,6.855342248,1.939321017,0.71776432,1.355239857,1.12810464,0.30069081
1975,0.780043129,0.840573318,0.830760531,3.001628656,15.49143472,25.99341596,13.22588715,6.246019261,1.411523278,0.406692384,1.392974437,0.215670438
1976,0.685475616,1.07232974,0.482327671,0.379234734,1.091309973,2.582222973,1.084373711,0.273992827,0.11713086,0.031764654,0.084859392,0.202339792
1977,-0.321212589,-0.382171954,-0.195172645,-0.372538155,-0.457955311,-0.961009064,-0.688558854,-1.195360399,-0.118237671,-0.05432431,-0.044377233,-0.165160693
1978,0.120823442,1.538119441,7.066117616,19.75363373,13.52909375,18.91251465,7.733802568,2.550808899,0.616173323,0.213494966,0.778912985,0.899713603
1979,0.657908361,0.578955597,0.616748527,4.841829955,3.898976038,14.25145494,9.946979015,3.740006444,0.572822002,0.218787683,0.537742176,0.397499306
1980,1.840976019,2.453366744,5.175446979,34.0610487,24.83798374,7.793716417,2.822547952,1.780158588,0.83662167,1.772102847,0,0.235025079
1981,0.480364523,0.346671508,0.845962468,2.841890032,2.794615986,8.299148176,3.438263031,0.577346412,0.215366647,0.090019278,0.031571997,0.484829673
1982,3.570325598,16.46611566,29.0813078,12.28649847,32.37918876,17.19333573,18.62963175,3.647869854,0.867097253,1.879672118,0.938059488,0.445094073
1983,2.985753202,7.827786117,20.12663028,8.770880519,26.68451845,42.27326514,8.880321343,6.342250819,2.076567228,0.479767481,0.805834585,2.255961517
1984,2.197490872,17.67128162,34.51215229,10.74312818,5.687884395,3.675803384,2.123667215,1.507683662,0.567530154,0.57935832,0.929050439,0.365708755
1985,0.737262834,5.657815697,1.982996737,1.154732856,4.583881925,5.941279235,4.856434814,0.711623578,0.231990337,0.192992574,0.106355837,0.617126649
1986,0.971416192,1.831684788,3.817686128,10.72953536,47.66660219,6.256426821,1.963274459,1.065527176,0.525035683,0.172695837,0.250048202,1.577797995
1987,0.442261742,0.310016034,0.439682723,1.400837597,2.043562588,1.344702679,0.292166468,0.209213542,0.08689285,0.047565274,0.032425872,0.156883739
1988,0.532077663,0.536238106,4.147078878,3.394880182,8.428765349,2.109168178,0.778308584,0.72126679,0.460353385,0.178478124,0.4392854,0.089655156
1989,0.343745678,4.645742745,1.357452034,4.072356103,4.341243206,29.97362334,2.655637445,1.498035398,0.741187564,0.199133545,0.566726872,0.644164165
1990,0.91429066,1.517051467,0.558858944,1.82102232,1.164281793,6.26224827,2.102654727,0.536068823,0.781869284,0.159690171,0.102134478,0.373182984
1991,0.371184516,0.256457444,0.264514555,0.321196245,0.481097825,5.297221764,7.372145122,2.301376298,0.479709864,0.220641047,0.12343983,0.372674743
1992,0.546389106,0.531763182,0.840822127,1.165006266,4.758223279,4.858020823,0.995718057,0.20549348,0.111416479,0.109395048,0.138164614,0.232703652
1993,1.672883507,0.309105947,2.441758487,13.39736716,11.85851973,13.09982073,3.26758408,1.685958989,1.986060764,0,0,0.602102469
1994,-0.04069051,-0.063311805,-0.113830538,-0.057364928,-0.185194327,-0.562893416,-0.015304057,-0.004534936,-0.026085955,-0.014089422,-0.010332523,-0.030038363
1995,0.530159969,1.403364625,3.02078417,26.29312164,3.769062424,30.03497981,13.81472932,10.36561372,4.628511818,2.985171523,2.030709647,0.239128911
1996,0.616993771,0.740392525,4.715531129,16.12715689,26.42632419,17.63530205,11.99816017,6.616465106,1.541733271,0.577868141,1.467459463,0.369610998
1997,0.928545802,2.543872433,25.36755596,44.85098238,6.965226694,4.200224164,3.039935948,1.457710908,0.208093854,0.876452941,0.972743414,0.326331389
1998,1.222963993,2.167909027,1.825506479,19.65627894,12.99539171,15.65143866,9.538447616,7.69709012,7.041306265,2.038600121,0.978097787,0.929459778
1999,1.204538238,3.104226946,7.611036744,9.391188957,18.26842609,11.68246564,3.640485162,2.141399112,1.220571632,0.266539489,0.897346938,0.523656964
2000,0.934250937,0.86947863,0.905706906,7.746088442,14.58475395,12.04077367,3.253790917,2.083048898,0.408978023,0.200344354,0.266374038,0.831662589
2001,0.3794005,0.255033233,0.772346236,0.763609781,1.04432874,3.765939079,1.924242658,0.544691463,0.101852156,0.060960208,0.032095378,0.221011513
2002,0.415056366,1.103483637,5.775087516,4.358971951,5.379878176,9.336722886,2.807991004,1.246985344,0.211970227,0.134326716,0.583227591,0.136752059
2003,0.413485876,1.377681762,6.978119335,6.81054801,4.983351177,6.255105939,8.590061069,3.317065514,1.693822922,0.004752061,0.618750011,0.343495548
2004,0.466329144,0.474414661,4.854550825,3.002104963,6.83327883,6.843291487,1.643593397,0.639472594,0.172253431,0.076159491,0.424880241,0.151368406
2005,0.410405465,0.631143309,2.225181779,6.329555429,4.271454989,9.460191738,8.423806046,5.412312277,1.428243961,0.316924322,0.529365157,0.445615843
2006,0.75468127,1.582034594,22.84567187,13.17517941,16.17253963,22.51295002,21.99680449,6.33079538,1.069144263,0.83513121,1.063311571,0.286325497
2007,0.335542075,0.571714527,2.624118741,1.182856799,4.275330825,2.965951952,0.053333662,0.234075516,0.194000395,0.117362284,0.059452609,0.300026992
2008,0.489016106,0.301099923,1.21339474,1.877736637,3.23189208,3.422562751,0.932458414,0.50867972,0.069160574,0.063808144,0.19006838,0.105846337
2009,0.623517318,0.495928204,0.698092394,2.789160562,2.92723575,8.792833262,2.637054131,1.933350758,0.289903841,0.133270476,0.304689093,0.212608811
2010,0.73123563,0.330909926,1.451286991,4.950920688,3.803074276,6.753869267,9.159712169,3.895192804,1.531334076,0.29232418,0.392177635,0.440429787
2011,1.867407627,2.641842669,18.12415951,7.355583783,6.7705301,15.61158365,5.387323889,0.921906201,0.765556225,0.756952929,0.489187534,0.949641568
2012,0.680994817,0.4293191,0.353418994,1.735159536,1.118747253,7.819812057,5.412825673,1.205150152,0.159949352,0.141572599,0.170990349,0.334557548
2013,0.535799943,2.123010657,6.958726411,5.166237579,2.771481448,1.720359461,0.973095317,0.291331413,0.222130682,0.111000717,0.056103961,0.488679668
2014,0.131389129,0.113948379,0.117991139,0.123461318,1.189848056,1.996102332,0.55270387,0.115724484,0.050268079,0.025824181,0.020899389,0.103947983
2015,0.161943263,0.301775643,2.794790817,0.924953301,1.222212688,0.231541424,0.181972417,0.106270726,0.057709508,0.022171565,0.102734285,0.035471244
2016,0.245820584,0.625375384,4.435586743,9.046018987,6.545258287,14.44820856,1.598417687,1.128330619,0.492674553,0.357926135,0.485263922,0.143986745
2017,0.850158995,6.085760881,16.85356763,16.56196413,50.80800541,9.709306766,4.521985634,0.292305519,3.111043316,0.052265943,1.097746439,0.392341123
2018,0.124689649,2.629270601,1.753577755,2.962037955,1.21285623,10.11499624,5.842998844,0.870311702,0.557366924,0.329896562,0.326446156,0.348243353
2019,0.59556786,1.215258364,4.023040514,6.61316763,8.598406097,18.32760295,4.120238538,0.901009154,1.527471412,0.689163859,0.362208252,1.18332409
2020,0.666363633,0.387674745,2.301188845,2.343847138,1.32859306,2.093101545,6.48289529,1.056661567,0.574819294,0.219478889,0.187353834,0.26385903
2021,0.114801074,0.228907385,0.48020842,0.434717284,1.199629446,1.520185932,0.525725173,0.178788606,0.033774349,0.014484103,0.009500589,0.110629283
